order_region,orders,late_rate,late_sales
Canada,291,0.5257731958762887,90671.0218077
West Africa,1174,0.5332197614991482,384741.857408032
Caribbean,2675,0.5558878504672897,872376.526729231
Southern Europe,3390,0.5589970501474927,1100896.569972741
Northern Europe,3564,0.5600448933782267,1153862.620905751
Southern Africa,380,0.5631578947368421,123707.83242226997
South America,4738,0.5690164626424652,1606545.921497311
Oceania,4175,0.5705389221556886,1079244.381022792
North Africa,1013,0.5705824284304047,341470.326703631
West of USA ,2536,0.5721608832807571,838331.366590803
Central America,9001,0.5728252416398179,3110260.2305049626
Eastern Asia,3171,0.5733207190160833,811474.275794652
East of USA,2219,0.5750337990085624,754079.3449922419
US Center ,1852,0.57829373650108,638504.173039071
South Asia,3219,0.5793724759242,871471.657009891
Southeast Asia,4173,0.5801581595974119,1073898.39059993
Eastern Europe,1246,0.5802568218298555,432513.76854792994
Western Europe,9563,0.584021750496706,3292013.639178776
West Asia,1935,0.5850129198966408,656377.292885124
South of  USA ,1280,0.58828125,436088.14858219
East Africa,589,0.5908319185059423,210443.89417753098
Central Africa,533,0.600375234521576,187688.32370765
